{"TOT_POP": [88.0, 153337.625], "0-9 y/o % of total pop": [7.0588377662499955, 16.487640596250003], "10-19 y/o % of total pop": [8.697336139999999, 16.63644994], "20-29 y/o % of total pop": [6.468544207500002, 17.2104902675], "30-39 y/o % of total pop": [7.7642376849999994, 15.564463085000002], "40-49 y/o % of total pop": [8.133868276249999, 14.937412626250001], "50-59 y/o % of total pop": [10.202730187500004, 16.964945307499995], "60-69 y/o % of total pop": [7.352197581250003, 18.736288271249997], "70-79 y/o % of total pop": [3.4120230551250015, 13.066029404124997], "80+ y/o % of total pop": [1.120405860375, 8.102385609375], "White-alone pop": [24.0, 133951.25], "% White-alone": [55.76859182750003, 119.37360850749998], "Black-alone pop": [0.0, 14199.5], "% Black-alone": [0.0, 25.829528788750004], "Native American/American Indian-alone pop": [0.0, 1555.5], "% NA/AI-alone": [0.0, 2.7520983715], "Asian-alone pop": [0.0, 2080.125], "% Asian-alone": [0.0, 2.88503860575], "Hawaiian/Pacific Islander-alone pop": [0.0, 165.0], "% Hawaiian/PI-alone": [0.0, 0.248227469625], "% Two or more races": [0.0, 3.9885908494999995], "N_POP_CHG_2018": [-24009.0, 868.25], "R_birth_2018": [5.649999999999998, 16.450000000000003], "R_death_2018": [3.4499999999999993, 17.45], "R_NATURAL_INC_2018": [-14.4, 10.2], "R_INTERNATIONAL_MIG_2018": [-3.9, 3.25], "R_DOMESTIC_MIG_2018": [-62.3, 24.299999999999997], "Percent of adults with less than a high school diploma 2014-18": [1.2, 29.799999999999997], "Percent of adults with a high school diploma only 2014-18": [15.550000000000006, 53.54999999999999], "Percent of adults completing some college or associate's degree 2014-18": [16.949999999999996, 44.550000000000004], "Percent of adults with a bachelor's degree or higher 2014-18": [0.0, 41.5], "PCTPOVALL_2018": [0.0, 29.55], "MEDHHINC_2018": [20959.125, 81540.125], "Unemployment_rate_2018": [0.5500000000000003, 7.35], "Med_HH_Income_Percent_of_State_Total_2018": [41.7, 133.7], "Active Physicians per 100000 Population 2018 (AAMC)": [150.79999999999995, 355.6], "Active General Surgeons per 100000 Population 2018 (AAMC)": [4.8, 10.400000000000002], "Total Hospitals (2019)": [0.001362909, 2.9057676592500004], "Population Aged 60+": [27.0, 36043.5], "Obesity_prevalence": [24.15, 46.15], "Heart disease_prevalence": [3.8, 13.400000000000002], "COPD_prevalence": [2.3500000000000005, 15.549999999999999], "diabetes_prevalence": [5.799999999999997, 20.200000000000003]}